dataset,test_auc,test_ap
aion,0.6498599439775911,0.7486529985055714
