dataset,test_auc,test_ap
aion,0.6498599439775911,0.7486529985055714
AMB,0.7142857142857143,0.9095238095238094
AMB,0.5238095238095238,0.8210884353741494
AMB,0.5238095238095238,0.8210884353741494
