{"train_loss": 2.68991343647516e-05, "test_AUC": 0.8935574229691876, "test AP": 0.9107627205667224, "_timestamp": 1711325349.1026778, "_runtime": 4562.103879928589, "_step": 499, "_wandb": {"runtime": 4763}}