{"train_loss": 0.6588065661489964, "test_AUC": 0.6170301532593744, "AP": 0.6716928706475752, "New AUC": 0.6068265781395907, "New AP": 0.6582310969607136, "_timestamp": 1711320205.4679365, "_runtime": 217.51462244987488, "_step": 14}