{"train_loss": 0.6992004349043495, "test_AUC": 0.6498599439775911, "test AP": 0.7486529985055714, "_timestamp": 1711325877.1120331, "_runtime": 35.77042818069458, "_step": 0, "_wandb": {"runtime": 194}}