{"train_loss": 0.6627053673330107, "test_AUC": 0.605174030140513, "AP": 0.6612575194237268, "New AUC": 0.5944393836589308, "New AP": 0.6480946403314711, "_timestamp": 1711313303.7643666, "_runtime": 266.67001962661743, "_step": 19, "_wandb": {"runtime": 265}}