dataset,test_auc,test_ap,lr,train_snapshot,test_snapshot,seed,best_epoch,time
ARC,0.6872340425531915,0.5880756091508836,0.00015,406,87,710,1,25.31677109998418
ARC,0.699468085106383,0.6026671545795174,0.00015,406,87,720,1,25.07731560000684
ARC,0.6,0.5462229395090217,0.00015,406,87,800,1,25.111404999974184
