{"train_loss": 0.6577816025206917, "test_AUC": 0.6284290213356702, "AP": 0.6740711442398689, "New AUC": 0.617888892111105, "New AP": 0.6614012062810785, "_timestamp": 1711313671.4584515, "_runtime": 233.7667715549469, "_step": 15, "_wandb": {"runtime": 242}}